Insee - Statistiques locales; ; ; 
Référentiel géographique : France par intercommunalité; ; ; 
Code;Libellé;Population municipale (historique depuis 1876) 2021;Densité de population (historique depuis 1876) 2021
200000172;Communauté de communes Faucigny-Glières;27764;184.3
200000438;Communauté de communes du Pays de Pontchâteau Saint-Gildas-des-Bois;36232;110.9
200000545;Communauté de communes des Portes de Romilly-sur-Seine;18866;180
200000628;Communauté de communes Rhône Lez Provence;24003;159.9
200000800;Communauté de communes Cœur de Sologne;10310;30.4
200000925;Communauté de communes de la Plaine Dijonnaise;22093;108.1
200000933;Communauté de communes Sauldre et Sologne;14421;14.9
200004802;Communauté de communes du Pays de Fayence;29060;72.3
200005932;Communauté de communes des Portes de Sologne;15544;37.5
200005957;Communauté de communes de la Région de Rambervillers;12878;39.2
200006682;Communauté d'agglomération Beaune, Côte et Sud - Communauté Beaune-Chagny-Nolay;50456;90.3
200006716;Communauté de communes du Nogentais;16511;56
200006930;Communauté de communes du Haut Allier;5173;18.3
200006971;Communauté de communes du Perche;17975;55
200007052;Communauté de communes de la Marche Berrichonne;5532;19.5
200007177;Communauté de communes Pays de Nérondes;4711;18.8
200010650;Communauté d'agglomération du Grand Dole;54718;128.9
200010700;Communauté d'agglomération Caux Seine Agglo;78036;135.9
200011773;Communauté d'agglomération Annemasse-Les Voirons-Agglomération;93417;1194.9
200011781;Communauté de communes Portes du Berry entre Loire et Val d'Aubois;9466;33.1
200013050;Communauté de communes Sauer-Pechelbronn;17355;87.7
200015162;Communauté de communes de l'Oriente;6073;13
200016905;Communauté de communes du Pays de Lamastre;6683;30.2
200017341;Communauté de communes Lodévois et Larzac;14783;26.8
200017846;Communauté d'agglomération Étampois Sud Essonne;55662;115.4
200018083;Communauté de communes de Desvres-Samer;23221;94.7
200018166;Communauté de communes Le Grésivaudan;102588;151.6
200018406;Communauté de communes du Romorantinais et du Monestois;33662;69.5
200018521;Communauté de communes du Val de Bouzanne;5973;21.5
200018653;Communauté d'agglomération Cap Excellence;97513;750.6
200022986;Communauté de communes du Grand Pic Saint-Loup;50876;88.4
200023075;Communauté de communes du Pays de Maîche;18546;48.7
200023125;Communauté de communes Les Portes Briardes entre Villes et Forêts;45945;681.2
200023240;Communauté de communes Pays de Nemours;29718;132.2
200023299;Communauté de communes Cœur de Tarentaise;9085;32.8
200023307;Communauté d'agglomération du Grand Villeneuvois;47507;133.9
200023372;Communauté de communes de la Vallée de Chamonix-Mont-Blanc;13486;62
200023414;Métropole Rouen Normandie;497225;749
200023620;Communauté de communes de la Gascogne Toulousaine;16788;77.9
200023737;Communauté d'agglomération du Grand Cahors;42202;71.1
200023778;Communauté d'agglomération du Pays de Saint-Gilles-Croix-de-Vie;52407;179.3
200023794;Communauté de communes de Blaye;20303;118.5
200023919;Communauté de communes Gâtinais Val de Loing;18422;54.5
200026573;Communauté de communes Haut-Jura Saint-Claude;19626;53.6
200027027;Communauté de communes Arc Sud Bretagne;28730;81.4
200027076;Communauté de communes Arnon Boischaut Cher;7934;20.9
200027100;Communauté de communes Méditerranée Porte des Maures;46303;108.2
200027183;Communauté urbaine Perpignan Méditerranée Métropole;272976;442.7
200027217;Communauté de communes Sarlat-Périgord Noir;16155;70.8
200027308;Communauté de communes d'Auberive Vingeanne et Montsaugeonnais;8125;10.7
200027548;Communauté de communes des Savanes;29390;2.5
200029734;Communauté de communes des 4B Sud Charente;19890;31.6
200029999;Communauté de communes Rives de l'Ain - Pays du Cerdon;14705;86.3
200030195;Métropole Nice Côte d'Azur;560351;378.7
200030385;Communauté d'agglomération de Blois "Agglopolys";106200;134.1
200030435;Communauté de communes d'Aire-sur-l'Adour;12880;42.8
200030526;Communauté de communes du Ried de Marckolsheim;20597;111.6
200030633;Communauté d'agglomération du Caudrésis et du Catésis;63602;170.7
200030658;Communauté de communes du Trièves;10261;16.2
200030674;Communauté d'agglomération Val de Garonne Agglomération;60269;90.1
200032514;Communauté de communes Berry-Loire-Vauvise;5423;19.6
200033025;Communauté d'agglomération de Bar-le-Duc - Sud Meuse;33812;84.5
200033090;Communauté de communes Plaines et Monts de France;25565;176.7
200033116;Communauté de communes Cluses-Arve et Montagnes;46778;229.6
200033173;Communauté de communes de la Haute Vallée de Chevreuse;25029;298.9
200033181;Communauté d'agglomération Chartres Métropole;136831;159.4
200033298;Communauté de communes des Coëvrons;26926;34.3
200033579;Communauté urbaine d'Arras;109776;358.8
200033827;Communauté de communes de Fium'Orbu Castellu;13227;20.8
200033868;Communauté de communes des Ballons des Hautes-Vosges;14694;75.6
200034023;Communauté de communes Tarn-Agout;29678;114.3
200034031;Communauté de communes des Monts d'Alban et du Villefranchois;6378;18.7
200034049;Communauté de communes Centre Tarn;11224;33.6
200034056;Communauté de communes du Lautrécois et du Pays d'Agout;14294;36.1
200034064;Communauté de communes du Cordais et du Causse (4 C);5290;17.9
200034098;Communauté de communes des Montagnes du Giffre;12121;34.5
200034130;Communauté de communes Gally Mauldre;22336;235.5
200034197;Communauté de communes de Montaigne Montravel et Gurson;11904;45.6
200034205;Communauté de communes de la Costa Verde;10831;58.5
200034270;Communauté de communes du Pays de Barr;24006;126.7
200034379;Communauté de communes Pays d'Uzès;30799;61.3
200034411;Communauté de communes du Piémont Cévenol;22301;49.4
200034601;Communauté de communes Causses Aigoual Cévennes;5337;11.2
200034635;Communauté de communes du Kochersberg;26648;199
200034692;Communauté d'agglomération du Gard Rhodanien;75467;119.3
200034700;Communauté d'agglomération Durance-Lubéron-Verdon Agglomération;63462;75.7
200034718;Communauté de communes de Vitry, Champagne et Der;23585;45.8
200034726;Communauté de communes Bastides de Lomagne;11298;26.6
200034825;Communauté d'agglomération du Grand Guéret;28494;59.3
200034833;Communauté de communes des Bastides Dordogne-Périgord;18600;27.9
200034874;Communauté de communes Côtes de Meuse Woëvre;5987;14.2
200034882;Communauté de communes Pays du Mont-Blanc;45310;120.6
200034957;Communauté de communes du Frontonnais;28233;175.5
200035087;Communauté d'agglomération Terre de Provence;60434;227.3
200035103;Communauté de communes de la Vallée de la Haute Sarthe;7481;26.8
200035111;Communauté de communes des Sources de l'Orne;11928;32.7
200035129;Communauté de communes de Cèze Cévennes;19197;60.2
200035137;Communauté de communes Marche Occitane - Val d'Anglin;6534;12.9
200035202;Communauté de communes Charlieu-Belmont;23459;83.8
200035319;Communauté d'agglomération Estérel Côte d'Azur Agglomération;118468;341.3
200035327;Communauté de communes Cazals-Salviac;5384;21.6
200035442;Communauté de communes du Sud-Artois;27059;63.5
200035533;Communauté de communes du Grand Saint-Émilionnais;14173;60.2
200035541;Communauté de communes des Landes d'Armagnac;10768;10.1
200035632;Communauté de communes Armagnac Adour;6621;22.3
200035707;Communauté de communes Piège Lauragais Malepère;16185;34.2
200035715;Communauté d'agglomération Carcassonne Agglo;113827;107.2
200035723;Communauté de communes Ventoux Sud;9556;23.8
200035731;Communauté d'agglomération Roannais Agglomération;101302;147
200035756;Communauté de communes Astarac Arros en Gascogne;7173;18.9
200035764;Communauté de communes de la Beauce Loirétaine;16941;42.5
200035772;Communauté de communes du Pays du Saintois;14274;41
200035814;Communauté d'agglomération Flers Agglo;52946;93.3
200035848;Communauté de communes du Châtillonnais en Berry;5628;20.4
200035855;Communauté de communes Castelnaudary Lauragais Audois;27823;57.5
200035863;Communauté de communes Région Lézignanaise, Corbières et Minervois;33191;41
200035970;Communauté de communes Vexin Centre;24906;102.8
200036069;Communauté de communes du Pays de Mortagne au Perche;13515;33.6
200036077;Communauté de communes du Golfe de Saint-Tropez;57409;133.5
200036135;Communauté de communes Cœur de France;18103;47.8
200036150;Communauté de communes des Hauts du Val de Saône;8359;17.1
200036465;Communauté de communes de Thann-Cernay;37610;238.3
200036473;Communauté d'agglomération de Saintes - Grandes Rives - L'Agglo;60641;127.8
200036499;Communauté de communes de Marana-Golo;24812;148.6
200036523;Communauté de communes des Bastides en Haut Agenais Périgord;16993;25.2
200036549;Communauté de communes Val de Gray;20269;40.7
200037059;Communauté de communes de la Haute Somme (Combles - Péronne - Roisel);26606;57.5
200037133;Communauté de communes du Provinois;34480;54.9
200038958;Communauté de communes de la Pieve de l'Ornano et du Taravo;13150;20
200038990;Communauté de communes de Saint-Méen Montauban;27084;76.9
200039022;Communauté d'agglomération Vitré Communauté;82753;95.4
200039055;Communauté de communes Ouche et Montagne;11119;34.8
200039063;Communauté de communes Forêts, Seine et Suzon;7050;16.7
200039204;Communauté de communes de Lacq-Orthez;52909;72.5
200039519;Communauté de communes du Quercy Blanc;7724;18.6
200039642;Communauté de communes Le Tonnerrois en Bourgogne;15200;19.3
200039709;Communauté de communes du Serein;7058;12.4
200039758;Communauté de communes Avallon, Vézelay, Morvan;18474;25.6
200039808;Communauté de communes des Gorges de l'Ardèche;15556;37.7
200039824;Communauté de communes Ardèche des Sources et Volcans;9716;36.2
200039832;Communauté de communes Pays des Vans en Cévennes;9437;28.7
200039857;Communauté d'agglomération du Pays de Grasse;100534;205.2
200039865;Metz Métropole;228999;706.5
200039907;Communauté de communes du Sud Messin;16826;67.3
200039915;Communauté d'agglomération Cannes Pays de Lérins;157452;1660.4
200039931;Communauté de communes Alpes d'Azur;9885;11.1
200039949;Communauté de communes Rives de Moselle;53004;420.4
200040038;Communauté de communes Saône Doubs Bresse;12081;38.2
200040095;Communauté de communes Isle Vern Salembre en Périgord;18851;66.2
200040111;Communauté de communes Cœur de Chartreuse;17129;48
200040137;Communauté de communes des Lacs de Champagne;9093;20.6
200040178;Communauté de communes de l'Outre-Forêt;16177;135
200040202;Communauté de communes Provence Verdon;22672;35.1
200040210;Communauté de communes Lacs et Gorges du Verdon;9099;16.8
200040244;Communauté d'agglomération du Bocage Bressuirais;74122;56.2
200040251;Communauté de communes Bassée-Montois;23105;54.8
200040277;Communauté d'agglomération Agglo du Pays de Dreux;115490;109.4
200040293;Communauté de communes du Clunisois;13987;31.2
200040350;Communauté de communes Bugey Sud;34115;54.7
200040384;Communauté de communes Isle Double Landais;12450;52.8
200040392;Communauté d'agglomération Le Grand Périgueux;104024;104.7
200040400;Communauté de communes du Périgord Ribéracois;19433;28.4
200040418;Communauté de communes du Pays de Serres en Quercy;8378;18.6
200040426;Communauté de communes du Val de l'Oise;15847;48.4
200040442;Communauté d'agglomération Luberon Monts de Vaucluse;55007;154.4
200040459;Communauté d'agglomération Montélimar Agglomération;68546;179.8
200040475;LBN Communauté;17921;38.6
200040491;Communauté de communes Porte de DrômArdèche;47811;113.6
200040509;Communauté de communes du Crestois et de Pays de Saillans Cœur de Drôme;16102;68.8
200040558;Communauté de communes Écueillé-Valençay;10924;20.2
200040566;Communauté d'agglomération de l'Ouest Rhodanien;50464;87.2
200040574;Communauté de communes Beaujolais Pierres Dorées;55120;221
200040590;Communauté d'agglomération Villefranche Beaujolais Saône;72925;435
200040624;Communauté de communes Pays d'Apt-Luberon;28577;45
200040657;Communauté de communes de la Matheysine;18947;29.7
200040681;Communauté de communes Enclave des Papes-Pays de Grignan;22728;62
200040715;Grenoble-Alpes-Métropole;449488;823.9
200040764;Communauté de communes du Sud Corse;21135;36.2
200040772;Communauté de communes du Perche et Haut Vendômois;9151;23.8
200040798;Communauté de communes Val Vanoise;9046;22.6
200040814;Communauté de communes Briance Sud Haute Vienne;9130;28
200040830;Communauté de communes du Pays de Fénelon;9668;30.1
200040889;Communauté de communes de Portes Sud Périgord;8437;30.2
200040905;Communauté de communes Carmausin-Ségala;29975;62.9
200040947;Communauté d'agglomération Cœur de Flandre;102489;162.6
200040954;Communauté de communes des Hauts de Flandre;53545;119.4
200041010;Communauté de communes Cœur de Savoie;37613;113.9
200041051;Communauté de communes Vallée de la Dordogne et Forêt Bessède;8942;35.7
200041150;Communauté de communes Terrassonnais Haut Périgord Noir;22111;38.9
200041168;Communauté de communes de la Vallée de l'Homme;15828;30
200041283;Communauté de communes de la Plaine du Rhin;18356;122.5
200041317;Communauté d'agglomération du Niortais;122302;150
200041325;Communauté de communes du Pays Rhénan;36987;227.1
200041333;Communauté de communes de Parthenay-Gâtine;36898;44.1
200041366;Communauté de communes Rhône Crussol;34630;173.1
200041416;Communauté de communes Airvaudais-Val du Thouet;6892;30.5
200041440;Communauté de communes de Domme-Villefranche du Périgord;8499;22.6
200041465;Communauté de communes Val Eyrieux;12339;24.2
200041499;Communauté de communes Aunis Atlantique;31796;72.2
200041507;Communauté d'agglomération La Riviera du Levant;65860;317.2
200041515;Communauté de communes du Bassin de Pont-à-Mousson;40238;151.2
200041523;Communauté de communes de la Haute Saintonge;68476;39.4
200041556;Communauté de communes Portes de la Creuse en Marche;6591;19.1
200041572;Communauté de communes Dronne et Belle;11324;22.5
200041614;Communauté de communes Aunis Sud;32875;70.9
200041622;Communauté de communes Ardennes Thiérache;9547;22.3
200041630;Ardenne Métropole;121252;213.5
200041689;Communauté de communes Vals de Saintonge Communauté;52150;36.8
200041721;Communauté de communes de la Haute Comté;16983;38.4
200041762;Communauté d'agglomération Rochefort Océan;64240;152.5
200041788;Communauté d'agglomération du Pays Nord Martinique;95643;174.6
200041853;Communauté de communes du Pays de Montbozon et du Chanois;6629;27.9
200041861;Communauté de communes du Triangle Vert;11000;29.7
200041879;Communauté de communes Terres de Saône;13156;34.7
200041887;Communauté de communes du Val Marnaysien;14536;48.2
200041960;Communauté de communes Pévèle-Carembault;97850;315.3
200041994;Communauté de communes Haut Val de Sèvre;30551;88.2
200042000;Communauté de communes Bruyères-Vallons des Vosges;14937;67.9
200042174;Communauté d'agglomération Lorient Agglomération;206555;279.6
200042182;Communauté de communes du Mont des Avaloirs;15590;28.4
200042190;Communauté d'agglomération de la Porte du Hainaut;158568;427
200042372;Communauté de communes des Coteaux Arrats Gimone;10770;26.8
200042414;Communauté de communes Bresse Revermont 71;9925;35.1
200042463;Communauté de communes de la Montagne Noire;5885;20.4
200042497;Communauté de communes Dombes Saône Vallée;40287;224.5
200042604;Communauté de communes de Granville, Terre et Mer;44842;158.6
200042620;Communauté de communes de la Région de Suippes;7756;16.2
200042646;Communauté de communes Grand Orb communauté de communes en Languedoc;19925;43.3
200042653;Communauté de communes Sud-Hérault;18124;57.7
200042703;Communauté de communes de l'Argonne Champenoise;11755;14.1
200042729;Communauté de communes de la Baie du Cotentin;23077;51.9
200042901;Communauté de communes Drôme Sud Provence;43002;148.7
200042935;Communauté d'agglomération Haut - Bugey Agglomération;63434;92.1
200042943;Communauté de communes du Cap Corse;6628;21.7
200042992;Communauté de communes Perthois-Bocage et Der;5574;19.4
200043016;Communauté de communes Val de Charente;13725;32.7
200043065;Communauté de communes du Val d'Amboise;28071;110.7
200043081;Communauté de communes Chinon, Vienne et Loire;23445;67.6
200043123;Communauté de communes Auray Quiberon Terre Atlantique;89993;172.8
200043156;Communauté de communes du Pays Rethélois;30007;37
200043172;Communauté d'agglomération du Bassin de Brive;108107;133.7
200043263;Communauté de communes Cœur de l'Avesnois;29098;69.6
200043321;Communauté de communes du Pays de Mormal;48266;103.4
200043354;Communauté de communes de Villedieu Intercom;15663;53.3
200043396;Communauté d'agglomération Maubeuge Val de Sambre;123545;359.5
200043404;Communauté de communes du Sud Avesnois;24482;136.8
200043438;Communauté de communes de la Moivre à la Coole;9414;19.2
200043495;Communauté d'agglomération du Pays de Laon;41739;132.3
200043602;Communauté de communes des Albères, de la Côte Vermeille et de l'Illibéris;57158;195.4
200043628;Communauté de communes des Vallées du Clain;27069;72.5
200043693;Communauté de communes Terre Lorraine du Longuyonnais;15379;63.4
200043776;Communauté de communes Pyrénées Audoises;13580;14.7
200043974;Communauté de communes du Sud Gironde;39342;47.4
200043982;Communauté de communes du Bazadais;15776;26
200043990;Communauté de communes Vallons de Haute-Bretagne Communauté;44618;88.5
200044014;Communauté de communes Creuse Grand Sud;11593;18.9
200044030;Communauté de communes des 7 Vallées;29444;59.2
200044048;Communauté de communes Osartis Marquion;42651;129
200044253;Communauté de communes du Bassin de Joinville en Champagne;12282;17.7
200044394;Communauté de communes du Réolais en Sud Gironde;23949;73.7
200044469;Communauté de communes du Pays de Mirepoix;10565;31.7
200044618;Communauté d'agglomération Douaisis Agglo;148582;630.3
200044691;Communauté d'agglomération du Nord Grande Terre;56372;173.7
200046977;Métropole de Lyon;1424069;2668.4
200048551;Communauté de communes du Pays de Craon;28639;44.5
200049187;Communauté d'agglomération du Grand Verdun;27228;90.5
200049211;Communauté de communes Conflent-Canigó;20790;26.5
200049484;Communauté de communes Berry Grand Sud;11492;13.5
200050532;Communauté de communes de Petite-Terre;N/A - résultat non disponible;N/A - résultat non disponible
200054781;Métropole du Grand Paris;7103801;8724.5
200054807;Métropole d'Aix-Marseille-Provence;1911311;606.9
200055481;Communauté de communes Beauce Val de Loire;19540;37.9
200055655;Communauté d'agglomération Roissy Pays de France;360010;1056.1
200055887;Communauté de communes Mayenne Communauté;36697;59
200056232;Communauté d'agglomération Communauté Paris-Saclay;316066;1700.7
200056380;Communauté d'agglomération Plaine Vallée;184945;2496.6
200057859;Communauté d'agglomération Cœur d'Essonne Agglomération;206970;1559.7
200057958;Communauté d'agglomération Paris - Vallée de la Marne;228864;2388.7
200058360;Communauté de communes entre Beauce et Perche;21037;46.5
200058477;Communauté d'agglomération Val d'Yerres Val de Seine;177003;2667.3
200058485;Communauté d'agglomération Val Parisis;286277;3281.5
200058519;Communauté d'agglomération Saint Germain Boucles de Seine;336563;2419.6
200058782;Communauté d'agglomération de Saint-Quentin-en-Yvelines;230021;1929.7
200059228;Communauté d'agglomération Grand Paris Sud Seine Essonne Sénart;357664;1617
200059392;Communauté de communes Bièvre Isère;55693;80.1
200059400;Communauté de communes Porte Océane du Limousin;25704;76
200059871;Communauté de communes du Centre-Ouest;N/A - résultat non disponible;N/A - résultat non disponible
200059889;Communauté urbaine Grand Paris Seine et Oise;427896;847.8
200060010;Communauté d'agglomération Mauges Communauté;121626;92.5
200060457;Communauté d'agglomération de Dembeni / Mamoudzou;N/A - résultat non disponible;N/A - résultat non disponible
200060465;Communauté d'agglomération du Grand Nord de Mayotte;N/A - résultat non disponible;N/A - résultat non disponible
200060473;Communauté de communes du Sud;N/A - résultat non disponible;N/A - résultat non disponible
200065563;Communauté de communes Normandie-Cabourg-Pays d'Auge;31397;113.6
200065589;Communauté de communes Val ès Dunes;18851;113.7
200065597;Communauté urbaine Caen la Mer;274685;756.8
200065647;Communauté d'agglomération Pays de Montbéliard Agglomération;139653;309.4
200065787;Communauté de communes de Pont-Audemer / Val de Risle;32520;99.9
200065886;Communauté d'agglomération Loire Forez Agglomération;111734;84.6
200065894;Communauté de communes de Forez-Est;64264;116.2
200065928;Communauté d'agglomération Lannion-Trégor Communauté;100259;110.9
200066009;Communauté d'agglomération Mulhouse Alsace Agglomération;272677;620.9
200066017;Communauté de communes Lieuvin Pays d'Auge;20367;49.6
200066025;Communauté de communes Alsace Rhin Brisach;33843;102.9
200066033;Communauté de communes Sud Alsace Largue;22286;97
200066041;Communauté de communes Sundgau;47639;110
200066058;Communauté d'agglomération Saint-Louis Agglomération;83448;311.4
200066108;Communauté de communes des Portes de Meuse;16118;21.3
200066116;Communauté de communes Argonne-Meuse;6935;14
200066124;Communauté d'agglomération Gaillac-Graulhet;75329;65.6
200066132;Communauté de communes du Pays de Stenay et du Val Dunois;9497;21.5
200066140;Communauté de communes de l'Aire à l'Argonne;6409;9.7
200066157;Communauté de communes de Commercy - Void - Vaucouleurs;21997;31
200066165;Communauté de communes Val de Meuse - Voie Sacrée;8950;25.6
200066173;Communauté de communes de Damvillers Spincourt;8090;16.4
200066223;Communauté de communes Arize Lèze;11039;29
200066231;Communauté de communes des Portes d'Ariège Pyrénées;40455;97.5
200066280;Communauté de communes du Pithiverais;29208;59.5
200066322;Communauté de communes Terres des Confluences;42294;93.8
200066330;Communauté de communes Terres du Haut Berry;26052;38
200066348;Communauté de communes du Minervois au Caroux;14414;18.4
200066355;Communauté d'agglomération Sète Agglopôle Méditerranée;128868;415.3
200066363;Communauté de communes de la Haute Ariège;7116;6.3
200066371;Communauté de communes Causses et Vallée de la Dordogne;45107;34.9
200066389;Communauté d'agglomération Saint-Lô Agglo;76653;93.5
200066405;Communauté de communes Roumois Seine;41622;122.9
200066413;Communauté de communes Intercom Bernay Terres de Normandie;54213;59.1
200066462;Communauté de communes Interco Normandie Sud Eure;37618;46.4
200066512;Communauté de communes Élan Limousin Avenir Nature;27563;45.1
200066520;Communauté de communes Ouest Limousin;11320;26.9
200066553;Communauté de communes des Monts de Lacaune et de la Montagne du Haut Languedoc;7978;10.1
200066561;Communauté de communes Sidobre Vals et Plateaux;12424;26.8
200066587;Communauté de communes des Monts du Lyonnais;35120;88.5
200066603;Communauté de communes du Pays de Lubersac-Pompadour;7493;29.5
200066637;Communauté de communes Hautes Terres Communauté;11258;12.5
200066645;Communauté de communes Vézère-Monédières-Millesources;5685;10.5
200066652;Communauté de communes Grand Sud Tarn et Garonne;43119;99.2
200066660;Saint-Flour Communauté;23388;17.1
200066678;Communauté de communes de la Châtaigneraie Cantalienne;21059;19.8
200066710;Communauté de communes Cingal-Suisse Normande;24819;64
200066728;Communauté de communes Vallées de l'Orne et de l'Odon;26161;201
200066744;Communauté de communes Haute-Corrèze Communauté;32003;17.9
200066751;Communauté de communes Xaintrie Val'Dordogne;11171;17.1
200066769;Communauté de communes Midi Corrézien;13059;33.5
200066777;Ploërmel Communauté;42404;52.7
200066785;Communauté de communes de l'Oust à Brocéliande;39471;61.7
200066793;Communauté d'agglomération du Grand Annecy;210423;408.6
200066801;Communauté de communes Isigny-Omaha Intercom;26414;45.4
200066819;Communauté de communes du Volvestre;30684;75.2
200066827;Communauté de communes du Pays de Honfleur-Beuzeville;27116;139.7
200066835;Communauté de communes de Sézanne-Sud Ouest Marnais;21079;27.7
200066850;Communauté de communes des Paysages de la Champagne;20818;35.8
200066868;Communauté de communes Presqu'île de Crozon-Aulne maritime;22430;79.8
200066876;Communauté d'agglomération de Châlons-en-Champagne;78998;97.5
200066884;Communauté de communes Quercy Vert-Aveyron;22766;67.6
200066892;Communauté de communes de Vendeuvre-Soulaines;7439;16.6
200066918;Communauté d'agglomération Alès Agglomération;134056;145.6
200066926;Communauté d'agglomération Grand Auch Cœur de Gascogne;39701;65.9
200066975;Communauté de communes Senlis Sud Oise;24838;122.1
200067023;Communauté de communes Coutances Mer et Bocage;47729;74.2
200067031;Communauté de communes Côte Ouest Centre Manche;22107;45.7
200067049;Communauté de communes Spelunca-Liamone;7723;8.4
200067064;Communauté de communes Decazeville Communauté;18141;96.8
200067072;Communauté de communes Haut-Léon Communauté;31574;128.3
200067080;Communauté de communes Chablis Villages et Terroirs;14598;24.7
200067106;Communauté d'agglomération du Pays Basque;321963;108.5
200067114;Communauté d'agglomération de l'Auxerrois;67663;155.9
200067122;Communauté de communes du Pays de Lafrançaise;11206;50.7
200067130;Communauté de communes de Puisaye-Forterre;33640;19.2
200067155;Communauté de communes Saint Affricain, Roquefort, Sept Vallons;13559;31.4
200067163;Communauté de communes Monts, Rance et Rougier;6286;9.6
200067171;Communauté de communes Aubrac, Carladez et Viadène;10004;11.6
200067189;Creuse Sud Ouest;13478;14.8
200067197;Communauté de communes Monts d'Arrée Communauté;7684;19.5
200067205;Communauté d'agglomération du Cotentin;178020;123.7
200067213;Communauté urbaine du Grand Reims;297068;207.4
200067239;Communauté de communes des Luys en Béarn;29061;55.6
200067247;Communauté de communes Pleyben-Châteaulin-Porzay;22768;53.3
200067254;Communauté d'agglomération Pau Béarn Pyrénées;164785;479.6
200067262;Communauté de communes du Haut Béarn;32007;30
200067288;Communauté de communes du Béarn des Gaves;17413;39.4
200067296;Communauté de communes du Nord Est Béarn;34658;59.8
200067304;Communauté de communes Serein et Armance;23499;50
200067320;Communauté de communes Serre-Ponçon Val d'Avance;7813;31.9
200067346;Communauté d'agglomération Pornic Agglo Pays de Retz;67935;130.1
200067361;Communauté de communes Grand-Figeac;43818;34.2
200067379;Communauté de communes Côtes de Champagne et Val de Saulx;11433;25.4
200067429;Communauté de communes Haut Nivernais-Val d'Yonne;11816;23.6
200067437;Communauté d'agglomération Provence-Alpes-Agglomération;48136;30.6
200067445;Communauté de communes Buëch-Dévoluy;9545;13.3
200067452;Communauté de communes du Guillestrois et du Queyras;7909;9.5
200067460;Communauté de communes Loudéac Communauté - Bretagne Centre;51540;44.1
200067478;Communauté de communes Comtal Lot et Truyère;19822;30.8
200067486;Communauté de communes Bouzonvillois-Trois Frontières;24229;73.5
200067502;Communauté d'agglomération Saint-Avold Synergie;52150;150.1
200067544;Creuse Confluence;16397;16.6
200067551;Communauté d'agglomération Thonon Agglomération;93344;390.8
200067593;Communauté de communes Marche et Combraille en Aquitaine;13128;13.6
200067627;Communauté de communes Billom Communauté;25987;94
200067635;Communauté d'agglomération Clisson Sèvre et Maine Agglo;56813;183.5
200067643;Communauté de communes Meurthe Mortagne Moselle;16508;61
200067650;Communauté de communes Houve-Pays Boulageois;22883;90.7
200067668;Communauté de communes de la Cléry, du Betz et de l'Ouanne;19986;40
200067676;Communauté de communes Canaux et Forêts en Gâtinais;27294;36.3
200067684;Communauté d'agglomération Épernay, Coteaux et Plaine de Champagne;46920;79.9
200067692;Communauté de communes Tannay-Brinon-Corbigny;9468;12.5
200067700;Communauté de communes Sud Nivernais;20068;38.1
200067742;Communauté de communes Serre-Ponçon;16852;27.7
200067759;Communauté de communes Vallées et Plateau d'Ardenne;24205;58.6
200067767;Communauté de communes du Royans-Vercors;9616;20.2
200067783;Communauté de communes de Hanau-La Petite Pierre;26286;73.3
200067791;Communauté d'agglomération L'agglo Foix-Varilhes;32187;72.5
200067817;Communauté de communes Saône-Beaujolais;45074;83.5
200067825;Communauté d'agglomération Gap-Tallard-Durance;50561;143.9
200067841;Communauté de communes de l'Alsace Bossue;24157;63.5
200067866;Communauté de communes Sèvre et Loire;49510;179.3
200067874;Communauté d'agglomération de Haguenau;98638;247.1
200067882;Communauté de communes Bazois Loire Morvan;15138;12.5
200067890;Communauté de communes Morvan Sommets et Grands Lacs;12130;12.6
200067908;Communauté de communes Amognes Cœur du Nivernais;8526;13.2
200067916;Communauté de communes Cœur de Loire;24804;34.6
200067924;Communauté de communes du Canton d'Erstein;48676;181.3
200067932;Communauté d'agglomération Golfe du Morbihan - Vannes Agglomération;175163;216.9
200067940;Communauté de communes Couserans-Pyrénées;29978;18.3
200067957;Communauté de communes Haut Chemin-Pays de Pange;19239;74.6
200067965;Communauté d'agglomération de la Région de Compiègne et de la Basse Automne;83014;314.7
200067973;Communauté de communes Thelloise;61447;196.1
200067981;Communauté d'agglomération Guingamp-Paimpol Agglomération de l'Armor à l'Argoat;73567;66.4
200067999;Communauté d'agglomération du Beauvaisis;103890;192.8
200068005;Communauté de communes de l'Oise Picarde;20934;52.9
200068047;Communauté d'agglomération Creil Sud Oise;88682;1062.2
200068070;Communauté de communes Loue-Lison;25338;38
200068088;Communauté de communes Les Bertranges;19700;33.4
200068096;Communauté de communes Champsaur-Valgaudemar;11409;14.9
200068104;Communauté d'agglomération de la Provence Verte;101989;107.6
200068112;Communauté de communes du Pays de Saverne;35780;146.7
200068120;Communauté d'agglomération Quimper Bretagne Occidentale;101591;211.9
200068146;Communauté de communes Sarrebourg Moselle Sud;45308;56
200068229;Communauté de communes des Baronnies en Drôme Provençale;20852;19.3
200068278;Communauté de communes Berry Loire Puisaye;17657;32.3
200068294;Communauté de communes des Deux Vallées Vertes;15654;40.1
200068369;Communauté de communes de Mirecourt Dompaire;18560;39.2
200068377;Communauté de communes de la Porte des Vosges Méridionales;29080;110.7
200068435;Communauté de communes Cœur du Perche;11113;28.6
200068443;Communauté de communes Andaine - Passais;12950;38.6
200068450;Communauté de communes Terres d'Argentan Interco;33237;46.5
200068468;Communauté de communes des Pays de L'Aigle;25189;46.1
200068484;Communauté de communes des Causses à l'Aubrac;14557;19.6
200068500;Communauté d'agglomération de Cambrai;80510;195.8
200068534;Communauté de communes Terroir de Caux;37843;77.3
200068542;Communauté de communes Les Balcons du Dauphiné;78100;126.5
200068559;Communauté de communes de l'Ouest Vosgien;23136;31.8
200068567;Communauté de communes Les Vals du Dauphiné;64006;184.3
200068625;Communauté de communes Alpes-Provence-Verdon - Sources de Lumière;11388;6.6
200068641;Communauté d'agglomération Le Muretain Agglo;126409;395.3
200068658;Communauté d'agglomération de Chaumont;43994;47.5
200068666;Communauté d'agglomération de Saint-Dizier Der et Blaise;56086;60.3
200068674;Communauté d'agglomération Grand Lac;78824;262.8
200068682;Communauté de communes Terre d'Eau;17228;41.5
200068757;Communauté d'agglomération d'Épinal;110394;98.7
200068765;Communauté de communes du Sisteronais-Buëch;25315;17
200068773;Communauté de communes des Vosges côté Sud Ouest;11661;16.8
200068781;Communauté d'agglomération Valence Romans Agglo;223777;237.9
200068799;Communauté de communes Intercom de la Vire au Noireau;46235;58.6
200068807;Communauté de communes du Bassin Auterivain Haut-Garonnais;33689;107.8
200068815;Communauté de communes Cœur de Garonne;35015;61.4
200068831;Communauté de communes Pays Ségali Communauté;18180;31.3
200068856;Communauté de communes des Hauts du Perche;7954;20.5
200068864;Communauté de communes de la Mossig et du Vignoble;24756;142.1
200068872;Communauté de communes Éguzon - Argenton - Vallée de la Creuse;19415;42.9
200068880;Communauté de communes Champagne Boischauts;9699;13.6
200068914;Communauté de communes La Rochefoucauld porte du Périgord;21773;46.5
200068922;Communauté de communes du Confluent et des Coteaux de Prayssas;17900;47.1
200068930;Communauté de communes Fumel Vallée du Lot;24608;54.6
200068948;Communauté de communes Albret Communauté;25858;34.9
200068955;Communauté de communes Anjou Loir et Sarthe;28136;62
200068963;Communauté de communes Maine Cœur de Sarthe;21754;115.9
200068989;Communauté d'agglomération Dinan Agglomération;103533;106.3
200068997;Communauté d'agglomération Arlysère;61757;80.9
200069003;Communauté de communes du Barséquanais en Champagne;18384;22.6
200069029;Communauté d'agglomération des Deux Baies en Montreuillois;65760;160.7
200069037;Communauté d'agglomération du Pays de Saint-Omer;104937;193
200069052;Communauté d'agglomération Grand Belfort;100988;385.4
200069060;Communauté de communes des Vosges du Sud;15067;86
200069086;Communauté de communes Leff Armor Communauté;31782;74.1
200069094;Communauté de communes Isle et Crempse en Périgord;14444;33.7
200069102;Communauté de communes Randon - Margeride;5234;8
200069110;Communauté d'agglomération du Grand Chambéry;139738;265.4
200069128;Communauté de communes Mont Lozère;5727;8
200069136;Communauté de communes des Cévennes au Mont Lozère;5055;8.2
200069144;Communauté de communes des Hautes Terres de l'Aubrac;5018;9.1
200069151;Communauté de communes Gorges Causses Cévennes;6907;7.6
200069169;Communauté de communes Dômes Sancy Artense;12586;18.2
200069177;Communauté de communes Mond'Arverne Communauté;40804;132.8
200069185;Communauté de communes des Terres d'Apcher-Margeride-Aubrac;10571;24.3
200069193;Communauté de communes de la Dombes;40011;63.4
200069227;Communauté de communes Pays Fort Sancerrois Val de Loire;18133;26.4
200069235;Communauté de communes du Haut Pays du Montreuillois;15703;37.3
200069250;Communauté d'agglomération Troyes Champagne Métropole;175193;196.9
200069268;Aubrac Lot Causses Tarn;7896;13.6
200069300;Communauté d'agglomération Tarbes-Lourdes-Pyrénées;127248;207
200069383;Communauté de communes Ouest Aveyron Communauté;27363;41
200069391;Communauté d'agglomération Lamballe Terre et Mer;68589;75.1
200069409;Communauté d'agglomération Saint-Brieuc Armor Agglomération;153321;255.2
200069417;Communauté de communes Pays d'Orthe et Arrigans;24183;61.9
200069425;Communauté d'agglomération Mont-Saint-Michel-Normandie;87417;56.6
200069433;Communauté de communes de Vezouze en Piémont;11576;26
200069441;Communauté de communes du Pays de Bitche;33343;55.4
200069458;Communauté de communes des Vallées d'Auge et du Merlerault;14216;26.7
200069482;Communauté de communes des Campagnes de l'Artois;33141;59.8
200069516;Communauté de communes Seulles Terre et Mer;17461;89.1
200069524;Communauté de communes Pré-Bocage Intercom;24798;59.5
200069532;Communauté d'agglomération Lisieux Normandie;72812;76.5
200069540;Communauté de communes Norge et Tille;16416;131.1
200069565;Communauté de communes des Lacs et Montagnes du Haut-Doubs;16493;39.3
200069581;Communauté de communes Convergence Garonne;32740;104.8
200069599;Communauté de communes rurales de l'Entre-Deux-Mers;16580;37.2
200069615;Communauté de communes Bresse Haute Seille;19118;43.6
200069623;Communauté de communes Champagnole Nozeroy Jura;22840;36.7
200069631;Communauté de communes Terres de Chalosse;18200;58.3
200069649;Communauté de communes Chalosse Tursan;26080;44.4
200069656;Communauté de communes Cœur Haute Lande;16042;9
200069664;Communauté de communes Meuse Rognon;10531;12.4
200069672;Communauté de communes du Ternois;37469;59.1
200069698;Communauté de communes Mâconnais - Tournugeois;15793;72.5
200069722;Communauté de communes interrégionale Aumale - Blangy-sur-Bresle;21305;45.9
200069730;Communauté de communes des 4 rivières;28850;47.5
200069748;Communauté de communes Val de Gâtine;21611;39.1
200069755;Communauté de communes Mellois en Poitou;46712;36.4
200069763;Communauté de communes du Haut-Poitou;41814;60.3
200069821;Communauté d'agglomération Fécamp Caux Littoral Agglomération;38312;185
200069839;Communauté de communes de la Côte d'Albâtre;27658;71.4
200069847;Communauté de communes Plateau de Caux;21264;84.2
200069854;Communauté urbaine du Grand Poitiers;197277;185.3
200069912;Communauté de communes des Forêts du Perche;7669;24.4
200069953;Communauté de communes des Portes Euréliennes d'Île-de-France;48515;121.1
200069961;Communauté de communes du Grand Châteaudun;39750;50.5
200069995;Communauté de communes Médoc Cœur de Presqu'île;30687;61.8
200070035;Communauté de communes du Civraisien en Poitou;26926;30.3
200070043;Communauté de communes Vienne et Gartempe;38830;19.5
200070068;Communauté de communes Communauté Bray-Eawy;24961;51.1
200070092;Communauté d'agglomération du Libournais;92605;162.8
200070100;Communauté de communes du Val de Sully;24156;40.9
200070118;Communauté de communes Val de Saône Centre;20967;133.1
200070126;Communauté de communes Seine et Aube;10193;26.5
200070142;Communauté de communes Lyons Andelle;20600;74.8
200070159;Communauté de communes Cœur de Beauce;24298;25.2
200070167;Communauté de communes Terres de Perche;14121;38.4
200070183;Communauté de communes des Terres du Val de Loire;49674;75.4
200070233;Communauté d'agglomération Terres de Montaigu;50102;132.1
200070282;Communauté de communes Lavalette Tude Dronne;17545;23.2
200070290;Communauté de communes Coeur du Pays Haut;23226;110.3
200070308;Communauté d'agglomération Mâconnais Beaujolais Agglomération;78980;264.9
200070316;Communauté de communes Entre Arroux, Loire et Somme;21705;25.1
200070324;Communauté de communes du Territoire de Lunéville à Baccarat;40556;89.7
200070332;Communauté de communes des Savoir-Faire;15082;18.7
200070340;Communauté de communes Haute Maurienne Vanoise;8484;10
200070365;Communauté de communes Corbières Salanque Méditerranée;24429;44.5
200070373;Communauté de communes Loir-Lucé-Bercé;23323;43.4
200070407;Communauté d'agglomération Agglo Pays d'Issoire;56594;55.6
200070431;Communauté de communes Saint-Marcellin Vercors Isère Communauté;44797;75.1
200070449;Communauté de communes Inter-Caux-Vexin;55769;102.6
200070464;Communauté de communes Cœur de Maurienne Arvan;14362;40.3
200070506;Communauté de communes Pays de Nexon Monts de Chalus;13032;33
200070514;Communauté d'agglomération du Grand Cognac;68951;91.4
200070530;Communauté de communes du Grand Autunois Morvan;35222;28.1
200070548;Communauté de communes Brionnais Sud Bourgogne;14974;51.5
200070555;Communauté de communes de la Veyle;23185;109.4
200070563;Communauté de communes Terres Touloises;44575;95.3
200070571;Communauté de communes Cœur de Berry;6876;33.1
200070589;Communauté de communes de Seille et Grand Couronné;18894;54.7
200070647;Communauté d'agglomération Bergeracoise;60766;103.6
200070662;Communauté de communes Bretagne porte de Loire Communauté;32530;70.4
200070670;Communauté de communes du Pays de Dol et de la Baie du Mont Saint-Michel;23791;74
200070688;Communauté de communes Couesnon Marches de Bretagne;21978;55.3
200070712;Communauté de communes Thiers Dore et Montagne;36707;58.8
200070720;Communauté de communes Médoc Atlantique;27524;26.6
200070738;Communauté de communes Mad et Moselle;19143;41.9
200070746;Communauté d'agglomération Sarreguemines Confluences;63550;186.6
200070753;Communauté d'agglomération Riom Limagne et Volcans;67978;169.2
200070761;Communauté de communes Ambert Livradois Forez;27571;22.4
200070779;Communauté de communes Brie des Rivières et Châteaux;40141;109.6
200070787;Communauté de communes du Plateau de Lannemezan;17665;41.1
200070795;Communauté de communes du Pays de Trie et du Magnoac;6798;20.6
200070803;Communauté de communes des Coteaux du Val d'Arros;11065;42.5
200070811;Communauté de communes Pyrénées Vallées des Gaves;15226;15.3
200070829;Communauté de communes Neste Barousse;7292;24
200070845;Communauté de communes Orne Lorraine Confluences;52938;134.8
200070852;Communauté de communes Usses et Rhône;21160;77.3
200070894;Communauté de communes de Gevrey-Chambertin et de Nuits-Saint-Georges;29706;60.3
200070902;Communauté de communes Auxonne Pontailler Val de Saône;23390;60.8
200070910;Communauté de communes Tille et Venelle;4931;15.8
200070928;Communauté de communes Terre de Picardie;18039;61
200070936;Communauté de communes Ponthieu-Marquenterre;32784;41.8
200070944;Communauté de communes du Vimeu;22388;118
200070951;Communauté de communes du Territoire Nord Picardie;30892;57.5
200070969;Communauté de communes Avre Luce Noye;21689;56.3
200070977;Communauté de communes du Grand Roye;25231;63.6
200070985;Communauté de communes de l'Est de la Somme;19829;75
200070993;Communauté d'agglomération de la Baie de Somme;48169;120.8
200071017;Communauté de communes des Terres d'Auxois;15632;20.3
200071025;Communauté de communes Haute-Provence-Pays de Banon;9929;20.7
200071033;Communauté de communes Jabron-Lure-Vançon-Durance;5328;17.4
200071041;Communauté de communes du Chaourçois et du Val d'Armance;10302;17.5
200071058;Communauté de communes Les Avant-Monts;27723;78.5
200071066;Communauté d'agglomération de Saint-Dié-des-Vosges;73353;74.9
200071074;Communauté de communes Les Portes de l'Ile de France;22945;159
200071082;Communauté d'agglomération Montluçon Communauté;59471;157.4
200071116;Communauté d'agglomération ECLA  (Espace Communautaire Lons Agglomération);34122;173.4
200071140;Communauté d'agglomération Moulins Communauté;64257;48.1
200071165;Communauté d'agglomération Les Sables d'Olonne Agglomération;57953;336.7
200071173;Communauté de communes du Pays Arnay Liernais;7014;14.8
200071181;Communauté de communes Somme Sud-Ouest;38230;42
200071199;Communauté de communes Plaine Limagne;21391;60.6
200071207;Communauté de communes de Pouilly-en-Auxois/Bligny-sur-Ouche;8688;17.5
200071215;Communauté de communes Chavanon Combrailles et Volcans;12642;15
200071223;Communauté de communes Nièvre et Somme;27736;88.3
200071298;Communauté de communes des Terres du Lauragais;41864;67.8
200071314;Communauté de communes des Hauts-Tolosans;35414;94.5
200071363;Communauté d'agglomération Vichy Communauté;84216;113.6
200071371;Communauté de communes Bresse et Saône;25640;99.3
200071389;Communauté de communes Saint-Pourçain Sioule Limagne;33768;37.1
200071405;Communauté de communes Ardèche Rhône Coiron;23177;82.5
200071413;Communauté d'agglomération Privas Centre Ardèche;43933;73
200071454;Communauté d'agglomération Evreux Portes de Normandie;110950;168.3
200071470;Communauté de communes Entr'Allier Besbre et Loire;24374;22.4
200071496;Communauté de communes du Bocage Bourbonnais;13680;18.6
200071504;Communauté de communes des Collines du Perche Normand;11954;33
200071512;Communauté de communes Commentry Montmarault Néris Communauté;25528;35.1
200071520;Communauté de communes Domfront Tinchebray Interco;15805;43.1
200071538;Communauté de communes Terres de Bresse;22516;57
200071546;Communauté de communes Sud Retz Atlantique;25410;71.9
200071553;Communauté de communes Loire Layon Aubance;56823;93.6
200071579;Communauté de communes Bresse Louhannaise Intercom';28283;55.5
200071587;Communauté de communes Loches Sud Touraine;50640;28
200071595;Communauté de communes Arbois, Poligny, Salins, Cœur du Jura;21531;36
200071629;Communauté de communes Challans-Gois Communauté;49723;112.9
200071645;Communauté de communes Saint Cyr Mère Boitier entre Charolais et Mâconnais;8024;31.1
200071652;Communauté de communes du Pays Fertois et du Bocage Carrougien;4853;21
200071678;Communauté d'agglomération Cholet Agglomération;104470;132.6
200071751;Communauté d'agglomération du Bassin de Bourg-en-Bresse;134405;108.7
200071769;Communauté de communes Picardie des Châteaux;16886;58
200071777;Communauté de communes d'Arcis, Mailly, Ramerupt;11799;19.4
200071785;Communauté d'agglomération Chauny-Tergnier-La Fère;54679;142.8
200071819;Communauté de communes du Périgord Nontronnais;15112;27
200071827;Communauté d'agglomération du Grand Angoulême;141997;220.6
200071843;Communauté de communes du Vexin Normand;32669;94.4
200071850;Communauté de communes du Pithiverais-Gâtinais;25693;59.4
200071868;Communauté de communes des Vallées du Haut-Anjou;36309;57.2
200071876;Communauté d'agglomération Saumur Val de Loire;98301;79.7
200071884;Communauté de communes Le Grand Charolais;39682;42.1
200071892;Communauté d'agglomération du Saint-Quentinois;79401;270.8
200071900;Communauté de communes Vendée Grand Littoral;35511;70.4
200071918;Communauté de communes du Pays de Saint-Fulgent - Les Essarts;28768;88.6
200071926;Communauté de communes du Limouxin;27762;35.1
200071934;Communauté de communes Pays de Fontenay-Vendée;35348;76.3
200071942;Communauté de communes Haut Limousin en Marche;22386;17.7
200071967;Communauté de communes Pays d'Évian Vallée d'Abondance;42574;132
200071983;Communauté de communes Thiérache Sambre et Oise;16499;50.1
200071991;Communauté de communes Retz-en-Valois;28978;54.2
200072007;Communauté de communes de la Montagne d'Ardèche;4817;7
200072015;Communauté d'agglomération Annonay Rhône Agglo;49674;157.1
200072023;Communauté de communes Cœur de Charente;21946;36.4
200072031;Communauté d'agglomération de la Région de Château-Thierry;54283;61.7
200072049;Communauté de communes de Charente Limousine;35198;25.2
200072056;Communauté de communes Porte du Jura;10537;50.8
200072064;Communauté de communes Val-de-Cher-Controis;46971;58.2
200072072;Communauté d'agglomération Territoires Vendômois;52344;50.3
200072080;Communauté de communes du Pays de Saint-Éloy;15492;22.7
200072098;Communauté de communes Combrailles Sioule et Morge;19646;46
200072106;Communauté de communes Adour Madiran;23955;45.6
200072130;Communauté d'agglomération du Pays de Meaux;108794;507.4
200072304;Communauté de communes Vallée de l'Ubaye - Serre-Ponçon;7617;7.5
200072312;Communauté d'agglomération Seine Normandie Agglomération;82814;118.9
200072320;Communauté de communes Val de Gers;9853;19.2
200072346;Communauté d'agglomération du Pays de Fontainebleau;69175;158.2
200072452;Communauté d'agglomération Fougères Agglomération;56070;104.1
200072460;Communauté d'agglomération de Béthune-Bruay, Artois-Lys Romane;275327;426.5
200072478;Communauté de communes Pays d'Opale;25186;133
200072544;Communauté de communes des Deux Morin;26517;67.3
200072635;Communauté de communes Pyrénées Haut Garonnaises;15464;24.3
200072643;Communauté de communes Cœur et Coteaux du Comminges;44068;44.7
200072650;Communauté de communes Touraine Vallée de l'Indre;54026;111.4
200072668;Communauté de communes Touraine Val de Vienne;24820;36.3
200072676;Communauté de communes Maine Saosnois;27534;45.1
200072684;Communauté de communes Le Gesnois Bilurien;30234;76.2
200072692;Communauté de communes des Vallées de la Braye et de l'Anille;14867;35.8
200072700;Communauté de communes Haute Sarthe Alpes Mancelles;22571;46.1
200072718;Communauté de communes de la Champagne Conlinoise et du Pays de Sillé;17966;41.9
200072726;Communauté de communes Châteaubriant-Derval;44552;50.7
200072734;Communauté de communes Estuaire et Sillon;40629;132.7
200072825;Communauté de communes Mirebellois et Fontenois;12561;29.6
200072874;Communauté de communes Val Briard;28715;86.2
200072882;Communauté de communes de Vie et Boulogne;45851;93.6
200072981;Communauté de communes Touraine Ouest Val de Loire;33100;43.7
200072999;Communauté de communes du Grand Langres;20750;29.8
200073013;Communauté de communes Carnelle Pays-de-France;33283;270
200073096;Communauté d'agglomération Arche Agglo;58810;118.1
200073104;Communauté de communes de l'Île-Rousse - Balagne;10873;27.9
200073112;Communauté de communes Sud Sarthe;22577;41.6
200073120;Communauté de communes Nebbiu - Conca d'Oro;7679;19.8
200073138;Communauté de communes Pasquale Paoli;6106;6.8
200073146;Communauté de communes Cagire Garonne Salat;17799;34.5
200073161;Communauté de communes Touraine-Est Vallées;40731;190.8
200073237;Communauté de communes de Gâtine-Racan;22175;43.7
200073245;Communauté de communes du Bassin d'Aubenas;40438;123.7
200073252;Communauté de communes de la Castagniccia-Casinca;12875;55.3
200073260;Communauté de communes Sud Vendée Littoral;55247;58.6
200073344;Communauté d'agglomération Rambouillet Territoires;79180;125.8
200073393;Communauté de communes des Rives du Haut Allier;16468;15.2
200073401;Communauté de communes Mézenc-Loire-Meygal;11360;24.6
200073419;Communauté d'agglomération du Puy-en-Velay;82300;62.2
200073427;Communauté de communes Marches du Velay-Rochebaron;31183;88.3
200077014;Communauté d'agglomération Vienne Condrieu;93560;223.3
200083392;Communauté d'agglomération Laval Agglomération;114674;167.1
200084952;Communauté urbaine Le Havre Seine Métropole;265937;536.4
200085728;Communauté de communes Brioude Sud Auvergne;16678;39.4
200085751;Communauté de communes Entre Bièvre et Rhône;69425;169.4
200089456;Communauté d'agglomération Seine-Eure;102650;200.4
200090504;Communauté d'agglomération Coulommiers Pays de Brie;94527;162.4
200090561;Communauté de communes Vierzon-Sologne-Berry;38360;75.5
200090579;Communauté de communes Terre d'Émeraude Communauté;24433;24.9
200090751;Communauté d'agglomération Grand Calais Terres et Mers;98828;536.8
200093201;Métropole Européenne de Lille;1187907;1768
200096634;Communauté de communes des Hautes Vosges;20947;68.6
200096642;Communauté de communes Gérardmer Hautes Vosges;14197;72.3
200096675;Communauté de communes Baud Communauté;16198;65.4
200096683;Communauté de communes Centre Morbihan Communauté;26868;63.8
200096956;Communauté d'agglomération Agglomération d'Agen;101684;156.5
240100610;Communauté de communes de la Côtière à Montluel;25151;197.3
240100750;Communauté d'agglomération du Pays de Gex;102027;252
240100800;Communauté de communes de Miribel et du Plateau;24794;378.2
240100883;Communauté de communes de la Plaine de l'Ain;81249;114.2
240100891;Communauté de communes du Pays Bellegardien (CCPB);21796;96.5
240200444;Communauté de communes de la Thiérache du Centre;25949;35.9
240200469;Communauté de communes du Pays de la Serre;14394;33.6
240200477;Communauté d'agglomération GrandSoissons Agglomération;52584;290.6
240200493;Communauté de communes du Pays du Vermandois;31038;69.2
240200501;Communauté de communes du Val de l'Aisne;20213;51.2
240200519;Communauté de communes du Canton d'Oulchy-le-Château;5569;24
240200576;Communauté de communes de la Champagne Picarde;20838;36
240200584;Communauté de communes du Canton de Charly-sur-Marne;15498;65.9
240200592;Communauté de communes du Chemin des Dames;5485;30.6
240200600;Communauté de communes des Trois Rivières;20779;59.5
240200634;Communauté de communes des Portes de la Thiérache;6729;26.2
240300491;Communauté de communes du Pays de Lapalisse;8455;25.3
240300558;Communauté de communes du Pays de Tronçais;7434;15
240300566;Communauté de communes du Val de Cher;5492;28.6
240300657;Communauté de communes du Pays d'Huriel;7355;19.4
240400440;Communauté de communes Pays Forcalquier et Montagne de Lure;9978;32.2
240500439;Communauté de communes du Briançonnais;18822;22.3
240500462;Communauté de communes du Pays des Ecrins;6573;14.2
240600551;Communauté d'agglomération de la Riviera Française;72609;110
240600585;Communauté d'agglomération de Sophia Antipolis;181763;376.5
240600593;Communauté de communes du Pays des Paillons;21347;105.3
240700302;Communauté de communes du Pays Beaume-Drobie;9128;32.6
240700617;Communauté de communes Val de Ligne;6108;66.4
240700716;Communauté de communes du Val d'Ay;5920;40.5
240700815;Communauté de communes Berg et Coiron;7957;36.3
240700864;Communauté de communes du Rhône aux Gorges de l'Ardèche;19044;72.6
240800821;Communauté de communes Ardenne, Rives de Meuse;25832;94.7
240800847;Communauté de communes des Portes du Luxembourg;19611;37.3
240800862;Communauté de communes des Crêtes Préardennaises;21689;21.4
240800920;Communauté de communes de l'Argonne Ardennaise;16716;14
240900431;Communauté de communes du Pays de Tarascon;8491;38.3
240900464;Communauté de communes du Pays d'Olmes;14765;45
241000223;Communauté de communes Forêts, Lacs, Terres en Champagne;6847;21.2
241000405;Communauté de communes de la Région de Bar-sur-Aube;10630;30.2
241000447;Communauté de communes du Pays d'Othe;7637;24
241000488;Communauté de communes de l'Orvin et de l'Ardusson;8435;19.2
241100593;Communauté d'agglomération Le Grand Narbonne;132244;156.2
241200187;Communauté d'agglomération Rodez Agglomération;56131;273.4
241200542;Communauté de communes du Réquistanais;5228;16.9
241200567;Communauté de communes de Millau Grands Causses;29193;57.1
241200625;Communauté de communes du Pays Rignacois;5604;34.6
241200641;Communauté de communes Conques-Marcillac;12114;29
241200658;Communauté de communes du Pays de Salars;7983;30.2
241200674;Communauté de communes du Plateau de Montbazens;6180;32.9
241200765;Communauté de communes de Lévézou Pareloup;5304;11.1
241200807;Communauté de communes Aveyron Bas Ségala Viaur;5558;21.2
241200906;Communauté de communes Larzac et Vallées;6669;10.2
241200914;Communauté de communes de la Muse et des Raspes du Tarn;5436;12.3
241300375;Communauté de communes Vallée des Baux-Alpilles (CC VBA);27712;86.7
241300417;Communauté d'agglomération d'Arles-Crau-Camargue-Montagnette;83429;57.7
241400415;Communauté de communes Cœur Côte Fleurie;20632;174.6
241400514;Communauté de communes du Pays de Falaise;27418;56.1
241400555;Communauté de communes de Bayeux Intercom;29919;150.3
241400860;Communauté de communes Cœur de Nacre;23951;395.1
241400878;Communauté de communes Terre d'Auge;19569;60.5
241500230;Communauté d'agglomération du Bassin d'Aurillac;53703;109.2
241500255;Communauté de communes du Pays Gentiane;6572;14.3
241500271;Communauté de communes du Pays de Mauriac;6596;29.4
241501055;Communauté de communes Sumène - Artense;8226;25.3
241501089;Communauté de communes Cère et Goul en Carladès;4979;21
241501139;Communauté de communes du Pays de Salers;8409;13.1
241600303;Communauté de communes du Rouillacais;9842;34.2
241700434;Communauté d'agglomération de La Rochelle;178217;545.1
241700459;Communauté de communes de l'Île de Ré;17680;207.2
241700517;Communauté de communes Cœur de Saintonge;17563;64.6
241700624;Communauté de communes de l'Île d'Oléron;22255;127.6
241700632;Communauté de communes de Gémozac et de la Saintonge Viticole;14715;55.8
241700640;Communauté d'agglomération Royan Atlantique;85271;141.2
241700699;Communauté de communes du Bassin de Marennes;15525;85.3
241800374;Communauté de communes La Septaine;10776;27.5
241800424;Communauté de communes du Dunois;7200;21.5
241800432;Communauté de communes Les Trois Provinces;5013;18.6
241800457;Communauté de communes FerCher;11370;49
241800507;Communauté d'agglomération Bourges Plus;101687;243.7
241900133;Communauté de communes de Ventadour - Egletons - Monédières;10131;21.4
241927201;Communauté d'agglomération Tulle Agglo;43927;50.6
241927243;Communauté de communes du Pays d'Uzerche;9897;29.5
242000354;Communauté d'agglomération de Bastia;62933;923.6
242000495;Communauté de communes de l'Alta Rocca;8598;12.6
242000503;Communauté de communes Celavu-Prunelli;9143;24
242010056;Communauté d'agglomération du Pays Ajaccien;91202;339.4
242010130;Communauté de communes du Sartenais Valinco Taravo;11991;22.8
242020071;Communauté de communes du Centre Corse;9951;27.5
242020105;Communauté de communes de Calvi Balagne;12667;22.6
242100154;Communauté de communes des Vallées de la Tille et de l'Ignon;13687;36.5
242100410;Dijon Métropole;257193;1071.8
242101434;Communauté de communes du Pays Châtillonnais;19481;10.7
242101442;Communauté de communes Saulieu-Morvan;5266;19.8
242101459;Communauté de communes du Pays d'Alésia et de la Seine;7370;23.3
242101491;Communauté de communes du Montbardois;10225;23.8
242101509;Communauté de communes Rives de Saône;20498;54.1
242200715;Communauté de communes du Kreiz-Breizh (CCKB);18292;26.2
242300135;Communauté de communes du Pays Sostranien;10287;37.6
242320000;Communauté de communes de Bénévent Grand Bourg;6794;17.4
242320109;Communauté de communes du Pays Dunois;6942;20.4
242400752;Communauté de communes Périgord-Limousin;14028;28.1
242400935;Communauté de communes du Pays de Saint-Aulaye;6668;27.4
242401024;Communauté de communes Isle-Loue-Auvézère en Périgord;13663;25.6
242500320;Communauté de communes de Montbenoît;8171;41.2
242500338;Communauté de communes du Grand Pontarlier;28369;183.7
242500361;Communauté urbaine Grand Besançon Métropole;197494;373.6
242504116;Communauté de communes du Val de Morteau;20983;129.8
242504181;Communauté de communes des Portes du Haut-Doubs;26736;41.5
242504355;Communauté de communes du Plateau de Russey;6888;46.3
242504371;Communauté de communes du Pays de Sancey-Belleherbe;5502;23.9
242504447;Communauté de communes du Doubs Baumois;16057;46
242504488;Communauté de communes Altitude 800;6585;32.2
242504496;Communauté de communes du Plateau de Frasne et du Val du Drugeon (CFD);6266;35.1
242600252;Communauté de communes du Val de Drôme en Biovallée;30900;52.5
242600492;Communauté de communes Dieulefit-Bourdeaux;9584;25.9
242600534;Communauté de communes du Diois;11956;9.8
242700276;Communauté de communes du Pays de Conches;18262;70.3
242700607;Communauté de communes du Pays du Neubourg;22543;74
242852465;Communauté de communes du Bonnevalais;12154;35.8
242900074;Communauté de communes du Pays d'Iroise;49472;156
242900314;Brest Métropole;211920;970.5
242900553;Communauté de communes du Pays des Abers;41800;154.2
242900561;Communauté de communes de Haute Cornouaille;14900;36.3
242900629;Communauté de communes Cap Sizun - Pointe du Raz;15286;86.2
242900645;Communauté de communes Douarnenez Communauté;18383;174.2
242900660;Communauté de communes du Pays Fouesnantais;29002;222.7
242900694;Communauté d'agglomération Quimperlé Communauté;56590;93.2
242900702;Communauté de communes du Pays Bigouden Sud;37866;226.6
242900710;Communauté de communes du Haut Pays Bigouden;18529;87.8
242900744;Communauté de communes Poher communauté;15357;51
242900751;Communauté de communes du Pays de Landivisiau;33471;82.8
242900769;Communauté d'agglomération Concarneau Cornouaille Agglomération;51873;139.7
242900793;Communauté de communes Communauté Lesneven Côte des Légendes;27571;136
242900801;Communauté d'agglomération du Pays de Landerneau-Daoulas;49625;133.6
242900835;Communauté d'agglomération Morlaix Communauté;64893;95.4
243000270;Communauté de communes du Pays Viganais;9909;25.9
243000296;Communauté de communes du Pays de Sommières;24416;125.8
243000569;Communauté de communes Rhony, Vistre, Vidourle;28302;348
243000585;Communauté de communes Beaucaire Terre d'Argence;31366;152.7
243000593;Communauté de communes de Petite Camargue;27960;137.3
243000643;Communauté d'agglomération de Nîmes Métropole;258750;327.2
243000650;Communauté de communes Terre de Camargue;20736;102.5
243000684;Communauté de communes du Pont du Gard;23643;102.7
243100518;Toulouse Métropole;818491;1786.5
243100567;Communauté de communes Aux sources du Canal du Midi;21703;61.7
243100633;Communauté d'agglomération du Sicoval;82571;332.4
243100732;Communauté de communes des Coteaux du Girou;22837;109.2
243100773;Communauté de communes Val'Aïgo;18319;125.3
243100781;Communauté de communes Le Grand Ouest Toulousain;48345;402.3
243100815;Communauté de communes des Coteaux Bellevue;21009;440.3
243200391;Communauté de communes de la Lomagne Gersoise;19234;28.1
243200409;Communauté de communes du Bas Armagnac;8667;27.6
243200417;Communauté de communes de la Tenarèze;14354;28.8
243200425;Communauté de communes Cœur d'Astarac en Gascogne;7725;26.9
243200458;Communauté de communes du Grand Armagnac;13355;25.1
243200508;Communauté de communes Bastides et Vallons du Gers;6984;23.5
243200599;Communauté de communes du Saves;9783;29.9
243200607;Communauté de communes Artagnan de Fezensac;6985;18.5
243300316;Bordeaux Métropole;831534;1438
243300563;Communauté d'agglomération Bassin d'Arcachon Sud (COBAS);69218;210.5
243300811;Communauté de communes de l'Estuaire;15906;64.1
243301165;Communauté de communes Jalle-Eau-Bourde;32009;137.9
243301181;Communauté de communes Latitude Nord Gironde;21372;100.9
243301215;Communauté de communes du Créonnais;18208;147.3
243301223;Communauté de communes du Grand Cubzaguais;37349;247.1
243301249;Communauté de communes Les Rives de la Laurence;28731;352.2
243301264;Communauté de communes de Montesquieu;46703;141.5
243301355;Communauté de communes Les Coteaux Bordelais;21629;318
243301371;Communauté de communes du Pays Foyen;16570;75.2
243301389;Communauté de communes Médullienne;22252;35
243301397;Communauté de communes du Fronsadais;17556;130.4
243301405;Communauté de communes du Val de l'Eyre;21818;40
243301439;Communauté de communes des Portes de l'Entre-Deux-Mers;22229;253.8
243301447;Communauté de communes Médoc Estuaire;30328;173.7
243301454;Communauté de communes Castillon/Pujols;19018;83.4
243301504;Communauté d'agglomération du Bassin d'Arcachon Nord;71684;120.5
243400017;Montpellier Méditerranée Métropole;507526;1203.2
243400355;Communauté de communes du Clermontais;28708;121.6
243400470;Communauté d'agglomération du Pays de l'Or;45401;395.6
243400488;Communauté de communes La Domitienne;28976;168.5
243400520;Communauté d'agglomération Lunel Agglo;51364;325.3
243400694;Communauté de communes Vallée de l'Hérault;41320;85.9
243400736;Communauté de communes des Cévennes Gangeoises et Suménoises;12941;53.7
243400769;Communauté d'agglomération de Béziers-Méditerranée;129880;428.6
243400819;Communauté d'agglomération Hérault-Méditerranée;80710;208.8
243500139;Rennes Métropole;467858;663.6
243500550;Communauté de communes Montfort Communauté;26271;135.1
243500618;Communauté de communes Brocéliande Communauté;18988;64
243500634;Communauté de communes Roche aux Fées Communauté;26910;72.9
243500659;Communauté de communes Pays de Châteaugiron Communauté;27419;211.6
243500667;Communauté de communes Val d'Ille-Aubigné;38519;129.3
243500725;Communauté de communes Côte d'Émeraude;28243;383.1
243500733;Communauté de communes Bretagne Romantique;36206;82.2
243500741;Communauté d'agglomération Redon Agglomération;66837;67.4
243500774;Communauté de communes Liffré-Cormier Communauté;27563;109.3
243500782;Communauté d'agglomération du Pays de Saint Malo Agglomération;86105;350.7
243600202;Communauté de communes Chabris - Pays de Bazelle;6163;24.7
243600236;Communauté de communes du Pays d'Issoudun;18899;60.8
243600293;Communauté de communes Levroux Boischaut Champagne;6222;18.1
243600301;Communauté de communes Val de l'Indre - Brenne;13368;27.8
243600319;Communauté de communes Brenne - Val de Creuse;17586;21.4
243600327;Communauté d'agglomération Châteauroux Métropole;72542;134.9
243600343;Communauté de communes Cœur de Brenne;4659;10.5
243600350;Communauté de communes de la Châtre et Sainte-Sévère;16151;25.1
243700499;Communauté de communes du Castelrenaudais;16255;46
243700754;Tours Métropole Val de Loire;297273;763.9
243700820;Communauté de communes Autour de Chenonceaux Bléré-Val de Cher;21624;66.3
243800604;Communauté d'agglomération Porte de l'Isère (CAPI);110918;451.1
243800745;Communauté de communes de l'Oisans;10409;19.1
243800935;Communauté de communes Lyon Saint Exupéry en Dauphiné;29580;480.7
243800984;Communauté d'agglomération du Pays Voironnais;95590;260.2
243801024;Communauté de communes du Massif du Vercors;11967;46.9
243801073;Communauté de communes de Bièvre Est;22905;148.3
243801255;Communauté de communes Collines Isère Nord Communauté;25212;182.7
243900354;Communauté de communes de la Station des Rousses-Haut Jura;7212;71.7
243900420;Communauté de communes du Val d'Amour;9069;33.3
243900479;Communauté de communes Haut-Jura Arcade Communauté;9092;61.7
243900560;Communauté de communes Jura Nord;11783;44.6
243900610;Communauté de communes La Grandvallière;5406;31.9
243901089;Communauté de communes de la Plaine Jurassienne;9068;43.2
244000543;Communauté de communes de Mimizan;12710;35.3
244000659;Communauté de communes du Seignanx;29212;195
244000675;Communauté d'agglomération du Grand Dax;57582;167.3
244000691;Communauté de communes du Pays Morcenais;9400;18.1
244000766;Communauté de communes du Pays Tarusate;17934;29.9
244000774;Communauté de communes du Pays de Villeneuve en Armagnac Landais;6257;29.2
244000808;Mont de Marsan Agglomération;55101;114.5
244000824;Communauté de communes du Pays Grenadois;7694;46.2
244000857;Communauté de communes Côte Landes Nature;12431;20.5
244000865;Communauté de communes Maremne Adour Côte Sud;70269;116.4
244000873;Communauté de communes des Grands Lacs;31559;47.3
244000881;Communauté de communes Coteaux et Vallées des Luys;7634;40.9
244100293;Communauté de communes des Collines du Perche;5913;19.9
244100780;Communauté de communes de la Sologne des Étangs;8627;15.9
244100798;Communauté de communes du Grand Chambord;20609;47.6
244100806;Communauté de communes de la Sologne des Rivières;10430;21
244200614;Communauté de communes des Vals d'Aix et Isable;5893;30
244200622;Communauté de communes des Monts du Pilat;15431;50.3
244200630;Communauté de communes du Pays entre Loire et Rhône;14086;56
244200770;Saint-Etienne Métropole;406257;561.5
244200820;Communauté de communes du Pays d'Urfé;5130;20
244200895;Communauté de communes du Pilat Rhodanien;16869;117
244300307;Communauté de communes Haut Pays du Velay Communauté;7990;37.7
244301016;Communauté de communes des Sucs;18236;64.8
244301099;Communauté de communes Auzon Communauté;9370;61.1
244301107;Communauté de communes du Haut-Lignon;8054;40.2
244301123;Communauté de communes des Pays de Cayres et de Pradelles;5148;13.9
244301131;Communauté de communes Loire et Semène;20497;181.6
244400404;Nantes Métropole;677879;1295.3
244400438;Communauté de communes Grand Lieu Communauté;41590;160
244400453;Communauté de communes Pays de Blain Communauté;16666;78.2
244400503;Communauté de communes d'Erdre et Gesvres;66951;131.4
244400537;Communauté de communes de Nozay;16212;59.3
244400552;Communauté de communes du Pays d'Ancenis;68998;78.8
244400586;Communauté de communes du Sud Estuaire;30694;155.4
244400610;Communauté d'agglomération de la Presqu'île de Guérande Atlantique (Cap Atlantique);76565;198.3
244400644;Communauté d'agglomération de la Région Nazairienne et de l'Estuaire (CARENE);129527;404.4
244500203;Communauté d'agglomération Montargoise et Rives du Loing (AME);62745;271.4
244500211;Communauté de communes Giennoises;24088;67.3
244500419;Communauté de communes des Quatre Vallées;17150;59.8
244500427;Communauté de communes des Loges;43116;78.4
244500468;Orléans Métropole;292001;873.4
244500484;Communauté de communes de la Forêt;17524;83.8
244500542;Communauté de communes de la Plaine du Nord Loiret;6785;27.3
244600433;Communauté de communes de la Vallée du Lot et du Vignoble;14466;39.1
244600482;Communauté de communes Quercy - Bouriane;10047;32.6
244600532;Communauté de communes du Pays de Lalbenque-Limogne;8743;19.7
244600573;Communauté de communes du Causse de Labastide-Murat;3918;11.7
244700449;Communauté de communes du Pays de Duras;5735;25.3
244700464;Communauté de communes du Pays de Lauzun;10330;42.6
244701355;Communauté de communes des Coteaux et Landes de Gascogne;12429;17.9
244701405;Communauté de communes Lot et Tolzac;7374;28.8
244800405;Communauté de communes Cœur de Lozère;15632;73.5
244800470;Communauté de communes du Gévaudan;9667;36.6
244900015;Communauté urbaine Angers Loire Métropole;306617;459.9
244900809;Communauté de communes Anjou Bleu Communauté;34612;53.4
244900882;Communauté de communes Baugeois Vallée;34779;47.4
245100615;Communauté de communes de la Grande Vallée de la Marne;14276;78.1
245100888;Communauté de communes de la Brie Champenoise;7554;26
245100979;Communauté de communes du Sud Marnais;5818;18.2
245200597;Communauté de communes des Trois Forêts;7336;10.6
245300223;Communauté de communes du Pays de Meslay-Grez;13794;32.7
245300355;Communauté de communes de l'Ernée;20479;42.7
245300389;Communauté de communes du Bocage Mayennais;18356;34.8
245300447;Communauté de communes du Pays de Château-Gontier;30057;66.3
245400171;Communauté de communes Moselle et Madon;28274;149.7
245400189;Communauté de communes des Pays du Sel et du Vermois;28855;209.7
245400262;Grand Longwy Agglomération;63238;364.5
245400510;Communauté de communes du Pays de Colombey et du Sud Toulois;11243;30.2
245400601;Communauté de communes du Bassin de Pompey;39750;255.5
245400676;Métropole du Grand Nancy;257412;1808.9
245400759;Communauté de communes du Pays du Sanon;5833;23.6
245500327;Communauté de communes du Sammiellois;8324;33.6
245501176;Communauté de communes du Territoire de Fresnes-en-Woëvre;4775;18.6
245501184;Communauté de communes du Pays de Revigny-sur-Ornain;6955;37.7
245501242;Communauté de communes du Pays d'Étain;7484;31.3
245501259;Communauté de communes du Pays de Montmédy;6923;28.4
245600440;Blavet Bellevue Océan Communauté;18443;158.2
245600465;Communauté de communes de Belle-Île-en-Mer;5553;64.8
245614383;Communauté de communes Questembert Communauté;24202;73.8
245614417;Communauté de communes Roi Morvan Communauté;24787;32.5
245614433;Communauté de communes Pontivy Communauté;46189;64.2
245700133;Communauté de communes du District Urbain de Faulquemont;24129;92.9
245700372;Communauté d'agglomération de Forbach Porte de France;75745;544.6
245700398;Communauté de communes de Freyming-Merlebach;31587;425.1
245700695;Communauté de communes de Cattenom et Environs;27543;139.5
245700950;Communauté de communes du Pays de Phalsbourg;17244;94.1
245701164;Communauté de communes du Warndt;17478;367.8
245701206;Communauté de communes du Saulnois;28218;29
245701222;Communauté d'agglomération du Val de Fensch;70972;823
245701271;Communauté de communes du Pays Orne Moselle;52864;568
245701354;Communauté de communes de l'Arc Mosellan;35514;158.5
245701362;Communauté d'agglomération Portes de France-Thionville;83270;532.1
245701404;Communauté de communes du Pays Haut Val d'Alzette;29401;403.4
245801063;Communauté de communes Loire et Allier;4972;30.2
245804406;Communauté d'agglomération de Nevers;67223;252.3
245804497;Communauté de communes du Nivernais Bourbonnais;5229;18
245900428;Communauté urbaine de Dunkerque;192554;642.1
245900758;Communauté de communes Flandre Lys;39935;317.4
245901038;Communauté de communes du Pays Solesmois;14641;124.5
245901152;Communauté de communes Cœur d'Ostrevent;70431;509.8
245901160;Communauté d'agglomération Valenciennes Métropole;192075;729.1
246000129;Communauté de communes du Liancourtois;23882;490.7
246000376;Communauté de communes du Clermontois;37625;255.6
246000566;Communauté de communes du Plateau Picard;29897;68.1
246000582;Communauté de communes des Sablons;38497;170.6
246000707;Communauté de communes du Vexin-Thelle;20549;65.6
246000749;Communauté de communes des Lisières de l'Oise;16017;76.1
246000756;Communauté de communes du Pays Noyonnais;32160;120.5
246000764;Communauté de communes de l'Aire Cantilienne;44701;298.9
246000772;Communauté de communes des Deux Vallées;22589;198.4
246000848;Communauté de communes de la Picardie Verte;32253;50.9
246000855;Communauté de communes du Pays des Sources;22110;63
246000871;Communauté de communes du Pays de Valois;55248;89.9
246000897;Communauté de communes de la Plaine d'Estrées;18202;111
246000913;Communauté de communes du Pays de Bray;18136;74.1
246000921;Communauté de communes des Pays d'Oise et d'Halatte;34167;245
246100390;Communauté de communes du Val d'Orne;5637;22.2
246100663;Communauté urbaine d'Alençon;55435;120.1
246200299;Communauté d'agglomération d'Hénin-Carvin;126840;1131.8
246200364;Communauté d'agglomération de Lens - Liévin;242587;1013.4
246200380;Communauté de communes de la Terre des Deux Caps;22332;121.8
246200729;Communauté d'agglomération du Boulonnais;112264;547.4
246200844;Communauté de communes de la Région d'Audruicq;28077;127.7
246201016;Communauté de communes du Pays de Lumbres;24187;89.8
246300701;Clermont Auvergne Métropole;295787;983.9
246300966;Communauté de communes du Massif du Sancy;9598;15.8
246301097;Communauté de communes Entre Dore et Allier;19538;85.3
246400337;Communauté de communes de la Vallée d'Ossau;9695;15.6
246401756;Communauté de communes Pays de Nay;28841;88.9
246500482;Communauté de communes de la Haute-Bigorre;16474;42.3
246500573;Communauté de communes Aure Louron;6928;10.4
246600282;Communauté de communes Sud-Roussillon;24582;603.5
246600373;Communauté de communes du Vallespir;20370;110.7
246600399;Communauté de communes Pyrénées Cerdagne;8714;19.7
246600415;Communauté de communes Roussillon-Conflent;18830;80.7
246600423;Communauté de communes Agly Fenouillèdes;6313;17.2
246600449;Communauté de communes des Aspres;22700;98.1
246600464;Communauté de communes Pyrénées catalanes;5889;16.7
246600548;Communauté de communes du Haut Vallespir;9819;21.1
246700306;Communauté de communes de la Vallée de la Bruche;20515;67.6
246700488;Eurométropole de Strasbourg;514651;1524.4
246700744;Communauté de communes des Portes de Rosheim;18245;136.9
246700777;Communauté de communes de la Vallée de Villé;10718;96.5
246700843;Communauté de communes de la Basse-Zorn;17701;221.9
246700926;Communauté de communes du Pays de Wissembourg;15740;120.2
246700959;Communauté de communes du Pays de la Zorn;16175;137.7
246700967;Communauté de communes de Sélestat;37052;222.6
246701064;Communauté de communes de la Région de Molsheim-Mutzig;40875;255.2
246701080;Communauté de communes du Pays de Sainte-Odile;19397;285.1
246701098;Communauté de communes du Pays de Niederbronn-les-Bains;23350;126.6
246800205;Communauté de communes de la Vallée de Saint-Amarin;12097;72.1
246800395;Communauté de communes du Val d'Argent;9289;89.7
246800445;Communauté de communes du Centre du Haut-Rhin;16300;118.9
246800494;Communauté de communes du Pays de Rouffach, Vignobles et Châteaux;12877;111.8
246800551;Communauté de communes de la Vallée de Kaysersberg;16063;88.8
246800569;Communauté de communes de la Région de Guebwiller;38176;201.5
246800577;Communauté de communes du Pays de Ribeauvillé;18163;109.1
246800585;Communauté de communes de la Vallée de Munster;16235;83.1
246800676;Communauté de communes de la Vallée de la Doller et du Soultzbach;15897;99
246800726;Communauté d'agglomération Colmar Agglomération;113687;465.2
246900575;Communauté de communes de l'Est Lyonnais (CCEL);42276;299.4
246900625;Communauté de communes du Pays de l'Arbresle (CCPA);38637;210.1
246900724;Communauté de communes des Vallons du Lyonnais (CCVL);31518;295.8
246900740;Communauté de communes du Pays Mornantais (COPAMO);29625;205
246900757;Communauté de communes de la Vallée du Garon (CCVG);32364;649.9
246900765;Communauté de communes du Pays de l'Ozon;27240;350.5
247000011;Communauté d'agglomération de Vesoul;32207;221.4
247000367;Communauté de communes des Combes;7542;26.6
247000623;Communauté de communes des Quatre Rivières;9452;16.8
247000664;Communauté de communes du Pays de Lure;19131;98
247000698;Communauté de communes des Monts de Gy;6129;25.5
247000706;Communauté de communes du Pays Riolais;13215;45.2
247000714;Communauté de communes du Pays de Villersexel;7763;37.8
247000722;Communauté de communes du Pays d'Héricourt;20931;127.9
247000755;Communauté de communes du Pays de Luxeuil;14869;97.4
247000821;Communauté de communes Rahin et Chérimont;11703;76.6
247000854;Communauté de communes des 1000 étangs;8566;24.2
247100290;Communauté urbaine Le Creusot Montceau-les-Mines;90674;122.2
247100589;Communauté d'agglomération Le Grand Chalon;113953;206.6
247100639;Communauté de communes de Marcigny;6019;26.8
247100647;Communauté de communes Bresse Nord Intercom';6514;26.8
247103765;Communauté de communes Entre Saône et Grosne;11071;42.8
247103864;Communauté de communes de Semur-en-Brionnais;5207;26.5
247104094;Communauté de communes Sud Côte Chalonnaise;11527;36.4
247200090;Communauté de communes du Pays Sabolien;28355;77.5
247200132;Communauté urbaine Le Mans Métropole;209413;768.5
247200348;Communauté de communes du Pays Fléchois;26932;80.1
247200421;Communauté de communes du Sud Est Manceau;17812;100.7
247200447;Communauté de communes Orée de Bercé - Belinois;19462;131.3
247200629;Communauté de communes du Val de Sarthe;30417;106.7
247200686;Communauté de communes du Pays de l'Huisne Sarthoise;28401;60.7
247300015;Communauté de communes des Vallées d'Aigueblanche;7131;38.8
247300254;Communauté de communes de Haute-Tarentaise;15532;27.3
247300262;Communauté de communes de Yenne;7376;58.2
247300361;Communauté de communes du Canton de La Chambre;7411;26.9
247300452;Communauté de communes Maurienne Galibier;5429;16.9
247300528;Communauté de communes Val Guiers;12362;140.3
247300668;Communauté de communes du Lac d'Aiguebelette (CCLA);6230;72.2
247300676;Communauté de communes Porte de Maurienne;7003;40.6
247300817;Communauté de communes Les Versants d'Aime;9677;35.6
247400047;Communauté de communes de la Vallée Verte;8282;104.4
247400112;Communauté de communes du Pays de Cruseilles;16728;143.1
247400567;Communauté de communes Fier et Usses;15945;234.6
247400583;Communauté de communes Arve et Salève;20352;204.9
247400617;Communauté de communes des Vallées de Thônes;18655;53.4
247400666;Communauté de communes des Quatre Rivières;19857;147.1
247400682;Communauté de communes du Haut-Chablais;12871;41.6
247400690;Communauté de communes du Genevois;48708;321.6
247400724;Communauté de communes du Pays Rochois;29112;310.2
247400740;Communauté de communes Rumilly Terre de Savoie;32739;191.7
247400773;Communauté de communes des Sources du Lac d'Annecy;15278;101.5
247600505;Communauté de communes Campagne-de-Caux;15027;103.4
247600588;Communauté de communes des Villes Sœurs;35817;166.8
247600604;Communauté de communes de Londinières;5192;26.7
247600620;Communauté de communes Yvetot Normandie;26156;155.4
247600646;Communauté de communes Caux - Austreberthe;25059;283
247600729;Communauté de communes Falaises du Talou;23613;71.9
247600786;Communauté d'agglomération de la Région Dieppoise;45996;356.6
247700032;Communauté de communes Moret Seine et Loing;39135;171.5
247700057;Communauté d'agglomération Melun Val de Seine;136524;891.1
247700065;Communauté de communes du Pays de l'Ourcq;17327;73.8
247700107;Communauté de communes Pays de Montereau;45312;166
247700339;Communauté d'agglomération Val d'Europe Agglomération;53113;757.2
247700594;Communauté d'agglomération Marne et Gondoire;108417;1032.2
247700644;Communauté de communes l'Orée de la Brie;28809;581.3
247700701;Communauté de communes Brie Nangissienne;28210;95.9
247800550;Communauté de communes du Pays Houdanais (CCPH);29988;103.1
247800584;Communauté d'agglomération Versailles Grand Parc (CAVGP);267857;2167.5
247800618;Communauté de communes Cœur d'Yvelines;50977;223.4
247900798;Communauté de communes du Thouarsais;35499;57.2
248000499;Communauté de communes du Val de Somme;26624;108.1
248000531;Communauté d'agglomération Amiens Métropole;181658;520.9
248000747;Communauté de communes du Pays du Coquelicot;28141;60.6
248100158;Communauté de communes du Sor et de l'Agout;23123;62.1
248100430;Communauté d'agglomération de Castres Mazamet;78831;194.1
248100497;Communauté de communes Val 81;5554;21.6
248100737;Communauté d'agglomération de l'Albigeois (C2A);83240;398.6
248100745;Communauté de communes Thoré Montagne Noire;5067;32
248200016;Communauté de communes des Deux Rives;18899;55.1
248200057;Communauté de communes du Quercy Caussadais;20333;51.8
248200065;Communauté de communes de la Lomagne Tarn-et-Garonnaise;10066;26.6
248200099;Communauté d'agglomération Grand Montauban;79304;282.4
248200107;Communauté de communes du Quercy Rouergue et des Gorges de l'Aveyron;7775;16.8
248300394;Communauté d'agglomération Sud Sainte Baume;64093;180.2
248300410;Communauté de communes de la Vallée du Gapeau;32578;389.6
248300493;Communauté d'agglomération Dracénie Provence Verdon Agglomération;110632;120.9
248300543;Métropole Toulon-Provence-Méditerranée;447804;1222.1
248300550;Communauté de communes Cœur du Var;44966;100.3
248400053;Communauté d'agglomération Ventoux-Comtat-Venaissin (COVE);71956;140.7
248400160;Communauté de communes Aygues-Ouvèze en Provence (CCAOP);20045;141
248400236;Communauté de communes Pays d'Orange en Provence;44941;237.7
248400251;Communauté d'agglomération du Grand Avignon (COGA);194858;644
248400285;Communauté de communes Territoriale Sud-Luberon;25489;69.9
248400293;Communauté d'agglomération des Sorgues du Comtat;51094;330.2
248400319;Communauté de communes du Pays des Sorgues et des Monts de Vaucluse;33735;277.6
248400335;Communauté de communes Vaison Ventoux;16704;61
248500191;Communauté de communes de l'Île de Noirmoutier;9219;188.8
248500258;Communauté de communes Océan Marais de Monts;19755;107.1
248500340;Communauté de communes Pays de Chantonnay;23054;72.6
248500415;Communauté de communes du Pays de la Châtaigneraie;15588;49.2
248500464;Communauté de communes du Pays de Pouzauges;23171;72.7
248500530;Communauté de communes du Pays des Achards;19819;88.4
248500563;Communauté de communes Vendée, Sèvre, Autise;16178;54
248500589;Communauté d'agglomération La Roche-sur-Yon Agglomération;98273;196.8
248500621;Communauté de communes du Pays des Herbiers;30543;122.4
248500662;Communauté de communes du Pays de Mortagne;28072;122.7
248600413;Communauté d'agglomération Grand Châtellerault;83179;73.4
248600447;Communauté de communes du Pays Loudunais;24290;28.6
248700189;Communauté de communes du Pays de Saint-Yrieix;12104;35.8
248719262;Communauté de communes Gartempe - Saint-Pardoux;5093;20.8
248719288;Communauté de communes du Val de Vienne;16282;103.5
248719312;Communauté urbaine Limoges Métropole;206616;396.9
248719338;Communauté de communes Briance-Combade;5340;23.1
248719353;Communauté de communes des Portes de Vassivière;5701;15.7
248719361;Communauté de communes de Noblat;11729;36.1
248900334;Communauté d'agglomération du Grand Sénonais;59487;158.6
248900383;Communauté de communes de l'Agglomération Migennoise;14618;227.7
248900524;Communauté de communes de l'Aillantais en Bourgogne;10169;38.4
248900664;Communauté de communes de la Vanne et du Pays d'Othe;8470;21.1
248900748;Communauté de communes du Gâtinais en Bourgogne;17535;43.5
248900896;Communauté de communes Yonne Nord;24310;65.9
248900938;Communauté de communes du Jovinien;20621;58.9
249000241;Communauté de communes du Sud Territoire;23599;137
249100074;Communauté de communes du Pays de Limours (CCPL);27218;229.6
249100157;Communauté de communes des Deux Vallées;18572;98.5
249100546;Communauté de communes du Val d'Essonne (CCVE);61747;319.7
249100553;Communauté de communes Entre Juine et Renarde (CCEJR);27763;230.8
249100595;Communauté de communes Le Dourdannais en Hurepoix (CCDH);26946;188.5
249500109;Communauté d'agglomération de Cergy-Pontoise;214428;2547.9
249500430;Communauté de communes Sausseron Impressionnistes;19061;159.1
249500455;Communauté de communes de la Vallée de l'Oise et des Trois Forêts;39019;514.4
249500489;Communauté de communes du Haut Val d'Oise;39726;815.2
249500513;Communauté de communes du Vexin-Val de Seine;16622;83.6
249710047;Communauté de communes de Marie-Galante;10467;66.2
249710062;Communauté d'agglomération du Nord Basse-Terre;77877;167.6
249710070;Communauté d'agglomération Grand Sud Caraïbe;76226;221.9
249720053;Communauté d'agglomération de l'Espace Sud de la Martinique;115068;281.2
249720061;Communauté d'agglomération du Centre de la Martinique;150038;877.5
249730037;Communauté de communes de l'Ouest Guyanais;97568;2.4
249730045;Communauté d'agglomération du Centre Littoral;151103;29.7
249730052;Communauté de communes de l'Est Guyanais;8557;0.3
249740077;Communauté d'agglomération CIVIS (Communauté Intercommunale des Villes Solidaires);181289;479.4
249740085;Communauté d'agglomération du Sud;132929;235.4
249740093;Communauté d'agglomération Intercommunale de la Réunion Est (CIREST);127924;173.8
249740101;Communauté d'agglomération Territoire de la Côte Ouest (TCO);215613;401.4
249740119;Communauté d'agglomération Intercommunale du Nord de la Réunion (CINOR);213402;741.4